Bulletin_Nr;Wochenbeginn;Wochenende;Year;PopCity;PopCanton;InfluenzaIncCossonay;Lebendgeburten_gr;Lebendgeburten_kl;Totgeburten_gr;Totgeburten_kl;Sterbefalle_gr;Sterbefalle_kl;Deaths;Deaths10000;Kinder_gr;Kinder_kl;Influenza_Stadt;CasesCity10000;Influenza_Kanton;CasesCanton10000;Andere_Infekt;HospInf10000;Total_Aufnahmen;Hosp10000;Ortsfremde;Gesamtbestand;Anzahl
1;26.12.2009;01.01.2010;1910;63704;317457;;;;;;15;7;22;3.453472309;;;;;;;;;;;;;
2;02.01.2010;08.01.2010;1910;63704;317457;;;;;;24;4;28;4.395328394;;;;;;;;;;;;;
3;09.01.2010;15.01.2010;1910;63704;317457;;;;;;23;6;29;4.552304408;;;;;;;;;;;;;
4;16.01.2010;22.01.2010;1910;63704;317457;;;;;;14;5;19;2.982544267;;;;;;;;;;;;;
5;23.01.2010;29.01.2010;1910;63704;317457;;;;;;15;4;19;2.982544267;;;;;;;;;;;;;
6;30.01.2010;05.02.2010;1910;63704;317457;;;;;;23;4;27;4.23835238;;;;;;;;;;;;;
7;06.02.2010;12.02.2010;1910;63704;317457;;;;;;11;10;21;3.296496295;;;;;;;;;;;;;
8;13.02.2010;19.02.2010;1910;63704;317457;;;;;;14;5;19;2.982544267;;;;;;;;;;;;;
9;20.02.2010;26.02.2010;1910;63704;317457;;;;;;17;11;28;4.395328394;;;;;;;;;;;;;
10;27.02.2010;05.03.2010;1910;63704;317457;;;;;;13;6;19;2.982544267;;;;;;;;;;;;;
11;06.03.2010;12.03.2010;1910;63704;317457;;;;;;21;4;25;3.924400352;;;;;;;;;;;;;
12;13.03.2010;19.03.2010;1910;63704;317457;;;;;;15;3;18;2.825568253;;;;;;;;;;;;;
13;20.03.2010;26.03.2010;1910;63704;317457;;;;;;11;8;19;2.982544267;;;;;;;;;;;;;
14;27.03.2010;02.04.2010;1910;63704;317457;;;;;;20;8;28;4.395328394;;;;;;;;;;;;;
15;03.04.2010;09.04.2010;1910;63704;317457;;;;;;14;6;20;3.139520281;;;;;;;;;;;;;
16;10.04.2010;16.04.2010;1910;63704;317457;;;;;;14;8;22;3.453472309;;;;;;;;;;;;;
17;17.04.2010;23.04.2010;1910;63704;317457;;;;;;18;5;23;3.610448323;;;;;;;;;;;;;
18;24.04.2010;30.04.2010;1910;63704;317457;;;;;;17;4;21;3.296496295;;;;;;;;;;;;;
19;01.05.2010;07.05.2010;1910;63704;317457;;;;;;12;9;21;3.296496295;;;;;;;;;;;;;
20;08.05.2010;14.05.2010;1910;63704;317457;;;;;;10;7;17;2.668592239;;;;;;;;;;;;;
21;15.05.2010;21.05.2010;1910;63704;317457;;;;;;12;4;16;2.511616225;;;;;;;;;;;;;
22;22.05.2010;28.05.2010;1910;63704;317457;;;;;;17;7;24;3.767424338;;;;;;;;;;;;;
23;29.05.2010;04.06.2010;1910;63704;317457;;;;;;16;5;21;3.296496295;;;;;;;;;;;;;
24;05.06.2010;11.06.2010;1910;63704;317457;;;;;;10;6;16;2.511616225;;;;;;;;;;;;;
25;12.06.2010;18.06.2010;1910;63704;317457;;;;;;13;7;20;3.139520281;;;;;;;;;;;;;
26;19.06.2010;25.06.2010;1910;63704;317457;;;;;;13;4;17;2.668592239;;;;;;;;;;;;;
27;26.06.2010;02.07.2010;1910;63704;317457;;;;;;13;6;19;2.982544267;;;;;;;;;;;;;
28;03.07.2010;09.07.2010;1910;63704;317457;;;;;;7;8;15;2.354640211;;;;;;;;;;;;;
29;10.07.2010;16.07.2010;1910;63704;317457;;;;;;18;2;20;3.139520281;;;;;;;;;;;;;
30;17.07.2010;23.07.2010;1910;63704;317457;;;;;;17;8;25;3.924400352;;;;;;;;;;;;;
31;24.07.2010;30.07.2010;1910;63704;317457;;;;;;11;5;16;2.511616225;;;;;;;;;;;;;
32;31.07.2010;06.08.2010;1910;63704;317457;;;;;;10;8;18;2.825568253;;;;;;;;;;;;;
33;07.08.2010;13.08.2010;1910;63704;317457;;;;;;8;7;15;2.354640211;;;;;;;;;;;;;
34;14.08.2010;20.08.2010;1910;63704;317457;;;;;;14;6;20;3.139520281;;;;;;;;;;;;;
35;21.08.2010;27.08.2010;1910;63704;317457;;;;;;12;9;21;3.296496295;;;;;;;;;;;;;
36;28.08.2010;03.09.2010;1910;63704;317457;;;;;;14;8;22;3.453472309;;;;;;;;;;;;;
37;04.09.2010;10.09.2010;1910;63704;317457;;;;;;8;10;18;2.825568253;;;;;;;;;;;;;
38;11.09.2010;17.09.2010;1910;63704;317457;;;;;;15;6;21;3.296496295;;;;;;;;;;;;;
39;18.09.2010;24.09.2010;1910;63704;317457;;;;;;8;7;15;2.354640211;;;;;;;;;;;;;
40;25.09.2010;01.10.2010;1910;63704;317457;;;;;;15;7;22;3.453472309;;;;;;;;;;;;;
41;02.10.2010;08.10.2010;1910;63704;317457;;;;;;12;7;19;2.982544267;;;;;;;;;;;;;
42;09.10.2010;15.10.2010;1910;63704;317457;;;;;;11;1;12;1.883712169;;;;;;;;;;;;;
43;16.10.2010;22.10.2010;1910;63704;317457;;;;;;14;4;18;2.825568253;;;;;;;;;;;;;
44;23.10.2010;29.10.2010;1910;63704;317457;;;;;;17;3;20;3.139520281;;;;;;;;;;;;;
45;30.10.2010;05.11.2010;1910;63704;317457;;;;;;8;3;11;1.726736155;;;;;;;;;;;;;
46;06.11.2010;12.11.2010;1910;63704;317457;;;;;;16;3;19;2.982544267;;;;;;;;;;;;;
47;13.11.2010;19.11.2010;1910;63704;317457;;;;;;12;8;20;3.139520281;;;;;;;;;;;;;
48;20.11.2010;26.11.2010;1910;63704;317457;;;;;;14;5;19;2.982544267;;;;;;;;;;;;;
49;27.11.2010;03.12.2010;1910;63704;317457;;;;;;14;8;22;3.453472309;;;;;;;;;;;;;
50;04.12.2010;10.12.2010;1910;63704;317457;;;;;;16;5;21;3.296496295;;;;;;;;;;;;;
51;11.12.2010;17.12.2010;1910;63704;317457;;;;;;17;12;29;4.552304408;;;;;;;;;;;;;
52;18.12.2010;24.12.2010;1910;63704;317457;;;;;;14;3;17;2.668592239;;;;;;;;;;;;;
1;25.12.2010;31.12.2010;1910;63704;317457;;;;;;17;4;21;3.296496295;;;;;;;;;;;;;
2;01.01.2011;07.01.2011;1911;66040;320100;;;;;;15;2;17;2.574197456;;;;;;;;;;;;;
3;08.01.2011;14.01.2011;1911;66040;320100;;;;;;15;8;23;3.482737735;;;;;;;;;;;;;
4;15.01.2011;21.01.2011;1911;66040;320100;;;;;;11;6;17;2.574197456;;;;;;;;;;;;;
5;22.01.2011;28.01.2011;1911;66040;320100;;;;;;24;9;33;4.996971532;;;;;;;;;;;;;
6;29.01.2011;04.02.2011;1911;66040;320100;;;;;;29;4;33;4.996971532;;;;;;;;;;;;;
7;05.02.2011;11.02.2011;1911;66040;320100;;;;;;23;9;32;4.845548153;;;;;;;;;;;;;
8;12.02.2011;18.02.2011;1911;66040;320100;;;;;;35;6;41;6.208358571;;;;;;;;;;;;;
9;19.02.2011;25.02.2011;1911;66040;320100;;;;;;16;5;21;3.179890975;;;;;;;;;;;;;
10;26.02.2011;04.03.2011;1911;66040;320100;;;;;;22;7;29;4.391278013;;;;;;;;;;;;;
11;05.03.2011;11.03.2011;1911;66040;320100;;;;;;14;5;19;2.877044216;;;;;;;;;;;;;
12;12.03.2011;18.03.2011;1911;66040;320100;;;;;;23;7;30;4.542701393;;;;;;;;;;;;;
13;19.03.2011;25.03.2011;1911;66040;320100;;;;;;21;7;28;4.239854634;;;;;;;;;;;;;
14;26.03.2011;01.04.2011;1911;66040;320100;;;;;;24;5;29;4.391278013;;;;;;;;;;;;;
15;02.04.2011;08.04.2011;1911;66040;320100;;;;;;15;6;21;3.179890975;;;;;;;;;;;;;
16;09.04.2011;15.04.2011;1911;66040;320100;;;;;;23;5;28;4.239854634;;;;;;;;;;;;;
17;16.04.2011;22.04.2011;1911;66040;320100;;;;;;24;5;29;4.391278013;;;;;;;;;;;;;
18;23.04.2011;29.04.2011;1911;66040;320100;;;;;;22;11;33;4.996971532;;;;;;;;;;;;;
19;30.04.2011;06.05.2011;1911;66040;320100;;;;;;14;10;24;3.634161114;;;;;;;;;;;;;
20;07.05.2011;13.05.2011;1911;66040;320100;;;;;;20;9;29;4.391278013;;;;;;;;;;;;;
21;14.05.2011;20.05.2011;1911;66040;320100;;;;;;17;8;25;3.785584494;;;;;;;;;;;;;
22;21.05.2011;27.05.2011;1911;66040;320100;;;;;;12;4;16;2.422774076;;;;;;;;;;;;;
23;28.05.2011;03.06.2011;1911;66040;320100;;;;;;14;12;26;3.937007874;;;;;;;;;;;;;
24;04.06.2011;10.06.2011;1911;66040;320100;;;;;;19;4;23;3.482737735;;;;;;;;;;;;;
25;11.06.2011;17.06.2011;1911;66040;320100;;;;;;18;10;28;4.239854634;;;;;;;;;;;;;
26;18.06.2011;24.06.2011;1911;66040;320100;;;;;;17;3;20;3.028467595;;;;;;;;;;;;;
27;25.06.2011;01.07.2011;1911;66040;320100;;;;;;13;4;17;2.574197456;;;;;;;;;;;;;
28;02.07.2011;08.07.2011;1911;66040;320100;;;;;;19;4;23;3.482737735;;;;;;;;;;;;;
29;09.07.2011;15.07.2011;1911;66040;320100;;;;;;12;4;16;2.422774076;;;;;;;;;;;;;
30;16.07.2011;22.07.2011;1911;66040;320100;;;;;;8;6;14;2.119927317;;;;;;;;;;;;;
31;23.07.2011;29.07.2011;1911;66040;320100;;;;;;11;5;16;2.422774076;;;;;;;;;;;;;
32;30.07.2011;05.08.2011;1911;66040;320100;;;;;;14;14;28;4.239854634;;;;;;;;;;;;;
33;06.08.2011;12.08.2011;1911;66040;320100;;;;;;17;3;20;3.028467595;;;;;;;;;;;;;
34;13.08.2011;19.08.2011;1911;66040;320100;;;;;;12;10;22;3.331314355;;;;;;;;;;;;;
35;20.08.2011;26.08.2011;1911;66040;320100;;;;;;14;6;20;3.028467595;;;;;;;;;;;;;
36;27.08.2011;02.09.2011;1911;66040;320100;;;;;;13;4;17;2.574197456;;;;;;;;;;;;;
37;03.09.2011;09.09.2011;1911;66040;320100;;;;;;12;8;20;3.028467595;;;;;;;;;;;;;
38;10.09.2011;16.09.2011;1911;66040;320100;;;;;;15;11;26;3.937007874;;;;;;;;;;;;;
39;17.09.2011;23.09.2011;1911;66040;320100;;;;;;23;3;26;3.937007874;;;;;;;;;;;;;
40;24.09.2011;30.09.2011;1911;66040;320100;;;;;;8;7;15;2.271350697;;;;;;;;;;;;;
41;01.10.2011;07.10.2011;1911;66040;320100;;;;;;19;8;27;4.088431254;;;;;;;;;;;;;
42;08.10.2011;14.10.2011;1911;66040;320100;;;;;;12;6;18;2.725620836;;;;;;;;;;;;;
43;15.10.2011;21.10.2011;1911;66040;320100;;;;;;14;6;20;3.028467595;;;;;;;;;;;;;
44;22.10.2011;28.10.2011;1911;66040;320100;;;;;;18;7;25;3.785584494;;;;;;;;;;;;;
45;29.10.2011;04.11.2011;1911;66040;320100;;;;;;21;3;24;3.634161114;;;;;;;;;;;;;
46;05.11.2011;11.11.2011;1911;66040;320100;;;;;;13;7;20;3.028467595;;;;;;;;;;;;;
47;12.11.2011;18.11.2011;1911;66040;320100;;;;;;16;5;21;3.179890975;;;;;;;;;;;;;
48;19.11.2011;25.11.2011;1911;66040;320100;;;;;;10;5;15;2.271350697;;;;;;;;;;;;;
49;26.11.2011;02.12.2011;1911;66040;320100;;;;;;12;11;23;3.482737735;;;;;;;;;;;;;
50;03.12.2011;09.12.2011;1911;66040;320100;;;;;;12;2;14;2.119927317;;;;;;;;;;;;;
51;10.12.2011;16.12.2011;1911;66040;320100;;;;;;12;6;18;2.725620836;;;;;;;;;;;;;
52;17.12.2011;23.12.2011;1911;66040;320100;;;;;;11;2;13;1.968503937;;;;;;;;;;;;;
1;24.12.2011;30.12.2011;1911;66040;320100;;;;;;13;7;20;3.028467595;;;;;;;;;;;;;
2;31.12.2011;06.01.2012;1911;66040;320100;;;;;;14;8;22;3.331314355;;;;;;;;;;;;;
3;07.01.2012;13.01.2012;1912;68400;322400;;;;;;20;9;29;4.239766082;;;;;;;;;;;;;
4;14.01.2012;20.01.2012;1912;68400;322400;;;;;;18;3;21;3.070175439;;;;;;;;;;;;;
5;21.01.2012;27.01.2012;1912;68400;322400;;;;;;13;7;20;2.923976608;;;;;;;;;;;;;
6;28.01.2012;03.02.2012;1912;68400;322400;;;;;;17;6;23;3.362573099;;;;;;;;;;;;;
7;04.02.2012;10.02.2012;1912;68400;322400;;;;;;17;2;19;2.777777778;;;;;;;;;;;;;
8;11.02.2012;17.02.2012;1912;68400;322400;;;;;;11;7;18;2.631578947;;;;;;;;;;;;;
9;18.02.2012;24.02.2012;1912;68400;322400;;;;;;17;5;22;3.216374269;;;;;;;;;;;;;
10;25.02.2012;02.03.2012;1912;68400;322400;;;;;;19;9;28;4.093567251;;;;;;;;;;;;;
11;03.03.2012;09.03.2012;1912;68400;322400;;;;;;10;5;15;2.192982456;;;;;;;;;;;;;
12;10.03.2012;16.03.2012;1912;68400;322400;;;;;;12;5;17;2.485380117;;;;;;;;;;;;;
13;17.03.2012;23.03.2012;1912;68400;322400;;;;;;13;8;21;3.070175439;;;;;;;;;;;;;
14;24.03.2012;30.03.2012;1912;68400;322400;;;;;;16;10;26;3.801169591;;;;;;;;;;;;;
15;31.03.2012;06.04.2012;1912;68400;322400;;;;;;20;7;27;3.947368421;;;;;;;;;;;;;
16;07.04.2012;13.04.2012;1912;68400;322400;;;;;;17;5;22;3.216374269;;;;;;;;;;;;;
17;14.04.2012;20.04.2012;1912;68400;322400;;;;;;14;12;26;3.801169591;;;;;;;;;;;;;
18;21.04.2012;27.04.2012;1912;68400;322400;;;;;;15;6;21;3.070175439;;;;;;;;;;;;;
19;28.04.2012;04.05.2012;1912;68400;322400;;;;;;19;10;29;4.239766082;;;;;;;;;;;;;
20;05.05.2012;11.05.2012;1912;68400;322400;;;;;;17;10;27;3.947368421;;;;;;;;;;;;;
21;12.05.2012;18.05.2012;1912;68400;322400;;;;;;15;4;19;2.777777778;;;;;;;;;;;;;
22;19.05.2012;25.05.2012;1912;68400;322400;;;;;;13;5;18;2.631578947;;;;;;;;;;;;;
23;26.05.2012;01.06.2012;1912;68400;322400;;;;;;13;10;23;3.362573099;;;;;;;;;;;;;
24;02.06.2012;08.06.2012;1912;68400;322400;;;;;;16;5;21;3.070175439;;;;;;;;;;;;;
25;09.06.2012;15.06.2012;1912;68400;322400;;;;;;11;5;16;2.339181287;;;;;;;;;;;;;
26;16.06.2012;22.06.2012;1912;68400;322400;;;;;;22;4;26;3.801169591;;;;;;;;;;;;;
27;23.06.2012;29.06.2012;1912;68400;322400;;;;;;12;9;21;3.070175439;;;;;;;;;;;;;
28;30.06.2012;06.07.2012;1912;68400;322400;;;;;;7;8;15;2.192982456;;;;;;;;;;;;;
29;07.07.2012;13.07.2012;1912;68400;322400;;;;;;13;8;21;3.070175439;;;;;;;;;;;;;
30;14.07.2012;20.07.2012;1912;68400;322400;;;;;;11;4;15;2.192982456;;;;;;;;;;;;;
31;21.07.2012;27.07.2012;1912;68400;322400;;;;;;16;7;23;3.362573099;;;;;;;;;;;;;
32;28.07.2012;03.08.2012;1912;68400;322400;;;;;;7;6;13;1.900584795;;;;;;;;;;;;;
33;04.08.2012;10.08.2012;1912;68400;322400;;;;;;8;7;15;2.192982456;;;;;;;;;;;;;
34;11.08.2012;17.08.2012;1912;68400;322400;;;;;;13;10;23;3.362573099;;;;;;;;;;;;;
35;18.08.2012;24.08.2012;1912;68400;322400;;;;;;8;1;9;1.315789474;;;;;;;;;;;;;
36;25.08.2012;31.08.2012;1912;68400;322400;;;;;;11;3;14;2.046783626;;;;;;;;;;;;;
37;01.09.2012;07.09.2012;1912;68400;322400;;;;;;13;6;19;2.777777778;;;;;;;;;;;;;
38;08.09.2012;14.09.2012;1912;68400;322400;;;;;;12;3;15;2.192982456;;;;;;;;;;;;;
39;15.09.2012;21.09.2012;1912;68400;322400;;;;;;17;6;23;3.362573099;;;;;;;;;;;;;
40;22.09.2012;28.09.2012;1912;68400;322400;;;;;;9;6;15;2.192982456;;;;;;;;;;;;;
41;29.09.2012;05.10.2012;1912;68400;322400;;;;;;5;7;12;1.754385965;;;;;;;;;;;;;
42;06.10.2012;12.10.2012;1912;68400;322400;;;;;;14;4;18;2.631578947;;;;;;;;;;;;;
43;13.10.2012;19.10.2012;1912;68400;322400;;;;;;6;4;10;1.461988304;;;;;;;;;;;;;
44;20.10.2012;26.10.2012;1912;68400;322400;;;;;;17;3;20;2.923976608;;;;;;;;;;;;;
45;27.10.2012;02.11.2012;1912;68400;322400;;;;;;15;4;19;2.777777778;;;;;;;;;;;;;
46;03.11.2012;09.11.2012;1912;68400;322400;;;;;;21;3;24;3.50877193;;;;;;;;;;;;;
47;10.11.2012;16.11.2012;1912;68400;322400;;;;;;13;7;20;2.923976608;;;;;;;;;;;;;
48;17.11.2012;23.11.2012;1912;68400;322400;;;;;;14;4;18;2.631578947;;;;;;;;;;;;;
49;24.11.2012;30.11.2012;1912;68400;322400;;;;;;11;2;13;1.900584795;;;;;;;;;;;;;
50;01.12.2012;07.12.2012;1912;68400;322400;;;;;;17;6;23;3.362573099;;;;;;;;;;;;;
51;08.12.2012;14.12.2012;1912;68400;322400;;;;;;16;7;23;3.362573099;;;;;;;;;;;;;
52;15.12.2012;21.12.2012;1912;68400;322400;;;;;;11;5;16;2.339181287;;;;;;;;;;;;;
53;22.12.2012;28.12.2012;1912;68400;322400;;;;;;20;7;27;3.947368421;;;;;;;;;;;;;
1;29.12.2012;04.01.2013;1912;68400;322400;;;;;;19;7;26;3.801169591;;;;;;;;;;;;;
2;05.01.2013;11.01.2013;1913;70150;325800;;;;;;15;5;20;2.8510335;;;;;;;;;;;;;
3;12.01.2013;18.01.2013;1913;70150;325800;;;;;;17;5;22;3.13613685;;;;;;;;;;;;;
4;19.01.2013;25.01.2013;1913;70150;325800;;;;;;14;9;23;3.278688525;;;;;;;;;;;;;
5;26.01.2013;01.02.2013;1913;70150;325800;;;;;;13;10;23;3.278688525;;;;;;;;;;;;;
6;02.02.2013;08.02.2013;1913;70150;325800;;;;;;16;4;20;2.8510335;;;;;;;;;;;;;
7;09.02.2013;15.02.2013;1913;70150;325800;;;;;;18;8;26;3.70634355;;;;;;;;;;;;;
8;16.02.2013;22.02.2013;1913;70150;325800;;;;;;19;3;22;3.13613685;;;;;;;;;;;;;
9;23.02.2013;01.03.2013;1913;70150;325800;;;;;;27;12;39;5.559515324;;;;;;;;;;;;;
10;02.03.2013;08.03.2013;1913;70150;325800;;;;;;16;7;23;3.278688525;;;;;;;;;;;;;
11;09.03.2013;15.03.2013;1913;70150;325800;;;;;;18;4;22;3.13613685;;;;;;;;;;;;;
12;16.03.2013;22.03.2013;1913;70150;325800;;;;;;21;7;28;3.9914469;;;;;;;;;;;;;
13;23.03.2013;29.03.2013;1913;70150;325800;;;;;;15;6;21;2.993585175;;;;;;;;;;;;;
14;30.03.2013;05.04.2013;1913;70150;325800;;;;;;19;9;28;3.9914469;;;;;;;;;;;;;
15;06.04.2013;12.04.2013;1913;70150;325800;;;;;;7;6;13;1.853171775;;;;;;;;;;;;;
16;13.04.2013;19.04.2013;1913;70150;325800;;;;;;20;6;26;3.70634355;;;;;;;;;;;;;
17;20.04.2013;26.04.2013;1913;70150;325800;;;;;;20;7;27;3.848895225;;;;;;;;;;;;;
18;27.04.2013;03.05.2013;1913;70150;325800;;;;;;17;12;29;4.133998574;;;;;;;;;;;;;
19;04.05.2013;10.05.2013;1913;70150;325800;;;;;;11;15;26;3.70634355;;;;;;;;;;;;;
20;11.05.2013;17.05.2013;1913;70150;325800;;;;;;16;6;22;3.13613685;;;;;;;;;;;;;
21;18.05.2013;24.05.2013;1913;70150;325800;;;;;;17;6;23;3.278688525;;;;;;;;;;;;;
22;25.05.2013;31.05.2013;1913;70150;325800;;;;;;15;1;16;2.2808268;;;;;;;;;;;;;
23;01.06.2013;07.06.2013;1913;70150;325800;;;;;;16;9;25;3.563791875;;;;;;;;;;;;;
24;08.06.2013;14.06.2013;1913;70150;325800;;;;;;;;;;;;;;;;;;;;;;
25;15.06.2013;21.06.2013;1913;70150;325800;;;;;;10;6;16;2.2808268;;;;;;;;;;;;;
26;22.06.2013;28.06.2013;1913;70150;325800;;;;;;13;9;22;3.13613685;;;;;;;;;;;;;
27;29.06.2013;05.07.2013;1913;70150;325800;;;;;;5;7;12;1.7106201;;;;;;;;;;;;;
28;06.07.2013;12.07.2013;1913;70150;325800;;;;;;10;3;13;1.853171775;;;;;;;;;;;;;
29;13.07.2013;19.07.2013;1913;70150;325800;;;;;;18;6;24;3.4212402;;;;;;;;;;;;;
30;20.07.2013;26.07.2013;1913;70150;325800;;;;;;12;;12;1.7106201;;;;;;;;;;;;;
32;03.08.2013;09.08.2013;1913;70150;325800;;;;;;16;7;23;3.278688525;;;;;;;;;;;;;
33;10.08.2013;16.08.2013;1913;70150;325800;;;;;;7;8;15;2.138275125;;;;;;;;;;;;;
34;17.08.2013;23.08.2013;1913;70150;325800;;;;;;6;6;12;1.7106201;;;;;;;;;;;;;
35;24.08.2013;30.08.2013;1913;70150;325800;;;;;;19;15;34;4.846756949;;;;;;;;;;;;;
36;31.08.2013;06.09.2013;1913;70150;325800;;;;;;9;6;15;2.138275125;;;;;;;;;;;;;
37;07.09.2013;13.09.2013;1913;70150;325800;;;;;;9;3;12;1.7106201;;;;;;;;;;;;;
38;14.09.2013;20.09.2013;1913;70150;325800;;;;;;10;9;19;2.708481825;;;;;;;;;;;;;
39;21.09.2013;27.09.2013;1913;70150;325800;;;;;;16;13;29;4.133998574;;;;;;;;;;;;;
40;28.09.2013;04.10.2013;1913;70150;325800;;;;;;14;6;20;2.8510335;;;;;;;;;;;;;
41;05.10.2013;11.10.2013;1913;70150;325800;;;;;;17;4;21;2.993585175;;;;;;;;;;;;;
42;12.10.2013;18.10.2013;1913;70150;325800;;;;;;13;5;18;2.56593015;;;;;;;;;;;;;
43;19.10.2013;25.10.2013;1913;70150;325800;;;;;;13;5;18;2.56593015;;;;;;;;;;;;;
44;26.10.2013;01.11.2013;1913;70150;325800;;;;;;14;5;19;2.708481825;;;;;;;;;;;;;
45;02.11.2013;08.11.2013;1913;70150;325800;;;;;;13;;13;1.853171775;;;;;;;;;;;;;
46;09.11.2013;15.11.2013;1913;70150;325800;;;;;;8;5;13;1.853171775;;;;;;;;;;;;;
47;16.11.2013;22.11.2013;1913;70150;325800;;;;;;16;10;26;3.70634355;;;;;;;;;;;;;
48;23.11.2013;29.11.2013;1913;70150;325800;;;;;;13;10;23;3.278688525;;;;;;;;;;;;;
49;30.11.2013;06.12.2013;1913;70150;325800;;;;;;19;9;28;3.9914469;;;;;;;;;;;;;
50;07.12.2013;13.12.2013;1913;70150;325800;;;;;;13;7;20;2.8510335;;;;;;;;;;;;;
51;14.12.2013;20.12.2013;1913;70150;325800;;;;;;19;9;28;3.9914469;;;;;;;;;;;;;
52;21.12.2013;27.12.2013;1913;70150;325800;;;;;;13;4;17;2.423378475;;;;;;;;;;;;;
1;28.12.2013;03.01.2014;1913;70150;325800;;;;;;6;6;12;1.7106201;;;;;;;;;;;;;
2;04.01.2014;10.01.2014;1914;69510;328000;;;;;;24;7;31;4.459789958;;;;;;;;;;;;;
3;11.01.2014;17.01.2014;1914;69510;328000;;;;;;27;11;38;5.466839304;;;;;;;;;;;;;
4;18.01.2014;24.01.2014;1914;69510;328000;;;;;;14;9;23;3.308876421;;;;;;;;;;;;;
5;25.01.2014;31.01.2014;1914;69510;328000;;;;;;24;9;33;4.747518343;;;;;;;;;;;;;
6;01.02.2014;07.02.2014;1914;69510;328000;;;;;;16;5;21;3.021148036;;;;;;;;;;;;;
7;08.02.2014;14.02.2014;1914;69510;328000;;;;;;31;6;37;5.322975111;;;;;;;;;;;;;
8;15.02.2014;21.02.2014;1914;69510;328000;;;;;;13;13;26;3.740468997;;;;;;;;;;;;;
9;22.02.2014;28.02.2014;1914;69510;328000;;;;;;10;9;19;2.733419652;;;;;;;;;;;;;
10;01.03.2014;07.03.2014;1914;69510;328000;;;;;;20;8;28;4.028197382;;;;;;;;;;;;;
11;08.03.2014;14.03.2014;1914;69510;328000;;;;;;10;5;15;2.157962883;;;;;;;;;;;;;
12;15.03.2014;21.03.2014;1914;69510;328000;;;;;;24;7;31;4.459789958;;;;;;;;;;;;;
13;22.03.2014;28.03.2014;1914;69510;328000;;;;;;18;6;24;3.452740613;;;;;;;;;;;;;
14;29.03.2014;04.04.2014;1914;69510;328000;;;;;;14;8;22;3.165012228;;;;;;;;;;;;;
15;05.04.2014;11.04.2014;1914;69510;328000;;;;;;18;8;26;3.740468997;;;;;;;;;;;;;
16;12.04.2014;18.04.2014;1914;69510;328000;;;;;;17;6;23;3.308876421;;;;;;;;;;;;;
17;19.04.2014;25.04.2014;1914;69510;328000;;;;;;16;8;24;3.452740613;;;;;;;;;;;;;
18;26.04.2014;02.05.2014;1914;69510;328000;;;;;;18;8;26;3.740468997;;;;;;;;;;;;;
19;03.05.2014;09.05.2014;1914;69510;328000;;;;;;12;8;20;2.877283844;;;;;;;;;;;;;
20;10.05.2014;16.05.2014;1914;69510;328000;;;;;;16;3;19;2.733419652;;;;;;;;;;;;;
21;17.05.2014;23.05.2014;1914;69510;328000;;;;;;15;7;22;3.165012228;;;;;;;;;;;;;
22;24.05.2014;30.05.2014;1914;69510;328000;;;;;;17;10;27;3.884333189;;;;;;;;;;;;;
23;31.05.2014;06.06.2014;1914;69510;328000;;;;;;17;10;27;3.884333189;;;;;;;;;;;;;
24;07.06.2014;13.06.2014;1914;69510;328000;;;;;;18;9;27;3.884333189;;;;;;;;;;;;;
25;14.06.2014;20.06.2014;1914;69510;328000;;;;;;16;12;28;4.028197382;;;;;;;;;;;;;
26;21.06.2014;27.06.2014;1914;69510;328000;;;;;;14;6;20;2.877283844;;;;;;;;;;;;;
27;28.06.2014;04.07.2014;1914;69510;328000;;;;;;13;5;18;2.58955546;;;;;;;;;;;;;
28;05.07.2014;11.07.2014;1914;69510;328000;;;;;;14;8;22;3.165012228;;;;;;;;;;;;;
29;12.07.2014;18.07.2014;1914;69510;328000;;;;;;9;6;15;2.157962883;;;;;;;;;;;;;
30;19.07.2014;25.07.2014;1914;69510;328000;;;;;;19;;19;2.733419652;;;;;;;;;;;;;
31;26.07.2014;01.08.2014;1914;69510;328000;;;;;;8;9;17;2.445691267;;;;;;;;;;;;;
32;02.08.2014;08.08.2014;1914;69510;328000;;;;;;10;4;14;2.014098691;;;;;;;;;;;;;
33;09.08.2014;15.08.2014;1914;69510;328000;;;;;;9;7;16;2.301827075;;;;;;;;;;;;;
34;16.08.2014;22.08.2014;1914;69510;328000;;;;;;14;5;19;2.733419652;;;;;;;;;;;;;
35;23.08.2014;29.08.2014;1914;69510;328000;;;;;;17;6;23;3.308876421;;;;;;;;;;;;;
36;30.08.2014;05.09.2014;1914;69510;328000;;;;;;12;4;16;2.301827075;;;;;;;;;;;;;
37;06.09.2014;12.09.2014;1914;69510;328000;;;;;;15;8;23;3.308876421;;;;;;;;;;;;;
38;13.09.2014;19.09.2014;1914;69510;328000;;;;;;13;5;18;2.58955546;;;;;;;;;;;;;
39;20.09.2014;26.09.2014;1914;69510;328000;;;;;;16;4;20;2.877283844;;;;;;;;;;;;;
40;27.09.2014;03.10.2014;1914;69510;328000;;;;;;12;9;21;3.021148036;;;;;;;;;;;;;
41;04.10.2014;10.10.2014;1914;69510;328000;;;;;;7;6;13;1.870234499;;;;;;;;;;;;;
42;11.10.2014;17.10.2014;1914;69510;328000;;;;;;8;9;17;2.445691267;;;;;;;;;;;;;
43;18.10.2014;24.10.2014;1914;69510;328000;;;;;;19;3;22;3.165012228;;;;;;;;;;;;;
44;25.10.2014;31.10.2014;1914;69510;328000;;;;;;14;10;24;3.452740613;;;;;;;;;;;;;
45;01.11.2014;07.11.2014;1914;69510;328000;;;;;;18;6;24;3.452740613;;;;;;;;;;;;;
46;08.11.2014;14.11.2014;1914;69510;328000;;;;;;12;4;16;2.301827075;;;;;;;;;;;;;
47;15.11.2014;21.11.2014;1914;69510;328000;;;;;;10;5;15;2.157962883;;;;;;;;;;;;;
48;22.11.2014;28.11.2014;1914;69510;328000;;;;;;14;3;17;2.445691267;;;;;;;;;;;;;
49;29.11.2014;05.12.2014;1914;69510;328000;;;;;;12;6;18;2.58955546;;;;;;;;;;;;;
50;06.12.2014;12.12.2014;1914;69510;328000;;;;;;9;3;12;1.726370306;;;;;;;;;;;;;
51;13.12.2014;19.12.2014;1914;69510;328000;;;;;;10;9;19;2.733419652;;;;;;;;;;;;;
52;20.12.2014;26.12.2014;1914;69510;328000;;;;;;17;11;28;4.028197382;;;;;;;;;;;;;
1;27.12.2014;02.01.2015;1914;69510;328000;;;;;;17;7;24;3.452740613;;;;;;;;;;;;;
2;03.01.2015;09.01.2015;1915;67810;325300;;;;;;21;3;24;3.539300988;;;;;;;;;;;;;
3;10.01.2015;16.01.2015;1915;67810;325300;;;;;;18;6;24;3.539300988;;;;;;;;;;;;;
4;17.01.2015;23.01.2015;1915;67810;325300;;;;;;17;6;23;3.391830114;;;;;;;;;;;;;
5;24.01.2015;30.01.2015;1915;67810;325300;;;;;;14;6;20;2.94941749;;;;;;;;;;;;;
6;31.01.2015;06.02.2015;1915;67810;325300;;;;;;17;4;21;3.096888365;;;;;;;;;;;;;
7;07.02.2015;13.02.2015;1915;67810;325300;;;;;;15;12;27;3.981713612;;;;;;;;;;;;;
12;14.03.2015;20.03.2015;1915;67810;325300;;;;;;25;3;28;4.129184486;;;;;;;;;;;;;
14;28.03.2015;03.04.2015;1915;67810;325300;;;;;;18;4;22;3.244359239;;;;;;;;;;;;;
16;11.04.2015;17.04.2015;1915;67810;325300;;;;;;20;7;27;3.981713612;;;;;;;;;;;;;
17;18.04.2015;24.04.2015;1915;67810;325300;;;;;;18;6;24;3.539300988;;;;;;;;;;;;;
18;25.04.2015;01.05.2015;1915;67810;325300;;;;;;9;10;19;2.801946616;;;;;;;;;;;;;
19;02.05.2015;08.05.2015;1915;67810;325300;;;;;;21;6;27;3.981713612;;;;;;;;;;;;;
20;09.05.2015;15.05.2015;1915;67810;325300;;;;;;12;5;17;2.507004867;;;;;;;;;;;;;
21;16.05.2015;22.05.2015;1915;67810;325300;;;;;;16;9;25;3.686771863;;;;;;;;;;;;;
22;23.05.2015;29.05.2015;1915;67810;325300;;;;;;17;6;23;3.391830114;;;;;;;;;;;;;
24;06.06.2015;12.06.2015;1915;67810;325300;;;;;;25;12;37;5.456422357;;;;;;;;;;;;;
28;04.07.2015;10.07.2015;1915;67810;325300;;;;;;6;4;10;1.474708745;;;;;;;;;;;;;
29;11.07.2015;17.07.2015;1915;67810;325300;;;;;;12;3;15;2.212063118;;;;;;;;;;;;;
30;18.07.2015;24.07.2015;1915;67810;325300;;;;;;8;4;12;1.769650494;;;;;;;;;;;;;
31;25.07.2015;31.07.2015;1915;67810;325300;;;;;;8;6;14;2.064592243;;;;;;;;;;;;;
32;01.08.2015;07.08.2015;1915;67810;325300;;;;;;9;4;13;1.917121369;;;;;;;;;;;;;
1;26.12.2015;01.01.2016;1915;68100;325300;;13;9;;;14;5;19;2.790014684;2;1;;;;;4;0.122963418;84;2.582231786;50;632;
2;02.01.2016;08.01.2016;1916;68100;323600;;25;8;;1;18;7;25;3.671071953;1;;;;;;2;0.061804697;127;3.924598269;73;675;
3;09.01.2016;15.01.2016;1916;68100;323600;;23;9;1;;11;3;14;2.055800294;3;;;;;;4;0.123609394;111;3.430160692;58;685;
4;16.01.2016;22.01.2016;1916;68100;323600;;15;4;;;14;9;23;3.377386197;3;1;;;;;2;0.061804697;128;3.955500618;70;707;
5;23.01.2016;29.01.2016;1916;68100;323600;;13;11;1;2;13;8;21;3.083700441;4;;;;;;2;0.061804697;140;4.326328801;78;709;
6;30.01.2016;05.02.2016;1916;68100;323600;;18;6;1;1;14;8;22;3.230543319;1;2;;;;;0;0;124;3.831891224;59;729;
7;06.02.2016;12.02.2016;1916;68100;323600;;11;6;;;12;10;22;3.230543319;;;;;;;0;0;112;3.461063041;62;722;
8;13.02.2016;19.02.2016;1916;68100;323600;;20;8;;1;20;6;26;3.817914831;3;1;;;;;0;0;129;3.986402967;75;709;
9;20.02.2016;26.02.2016;1916;68100;323600;;22;7;;;17;7;24;3.524229075;;1;;;;;9;0.278121137;121;3.739184178;64;714;
10;27.02.2016;04.03.2016;1916;68100;323600;;20;4;;;27;6;33;4.845814978;2;1;;;;;0;0;128;3.955500618;63;723;
11;05.03.2016;11.03.2016;1916;68100;323600;;23;17;;;20;5;25;3.671071953;4;;;;;;0;0;120;3.708281829;62;747;
12;12.03.2016;18.03.2016;1916;68100;323600;;18;8;;;14;4;18;2.643171806;1;;;;;;1;0.030902349;110;3.399258344;51;726;
13;19.03.2016;25.03.2016;1916;68100;323600;;16;4;;;16;8;24;3.524229075;2;1;;;;;0;0;122;3.770086527;66;728;
14;26.03.2016;01.04.2016;1916;68100;323600;;15;7;;2;21;10;31;4.552129222;2;2;;;;;0;0;101;3.121137206;53;701;
15;02.04.2016;08.04.2016;1916;68100;323600;;12;3;1;1;13;1;14;2.055800294;;1;;;;;0;0;133;4.110012361;73;720;
16;09.04.2016;15.04.2016;1916;67500;323600;;15;8;;;14;5;19;2.814814815;3;;;;;;0;0;119;3.677379481;61;686;
17;16.04.2016;22.04.2016;1916;67500;323600;;18;5;;;12;4;16;2.37037037;1;;;;;;0;0;87;2.688504326;46;658;
18;23.04.2016;29.04.2016;1916;67500;323600;;9;17;2;;14;7;21;3.111111111;;2;;;;;0;0;141;4.35723115;72;709;
19;30.04.2016;06.05.2016;1916;67500;323600;;14;14;;;13;11;24;3.555555556;4;1;;;;;0;0;136;4.202719407;92;708;
20;07.05.2016;13.05.2016;1916;67500;323600;;17;9;1;;15;9;24;3.555555556;;2;;;;;1;0.030902349;121;3.739184178;69;696;
21;14.05.2016;20.05.2016;1916;67500;323600;;14;7;;;12;4;16;2.37037037;;;;;;;0;0;141;4.35723115;88;709;
22;21.05.2016;27.05.2016;1916;67500;323600;;14;9;;;15;4;19;2.814814815;;;;;;;0;0;136;4.202719407;78;710;
23;28.05.2016;03.06.2016;1916;67500;323600;;13;2;1;;15;7;22;3.259259259;1;1;;;;;0;0;129;3.986402967;78;706;
24;04.06.2016;10.06.2016;1916;67500;323600;;16;8;;;19;7;26;3.851851852;1;1;;;;;1;0.030902349;124;3.831891224;68;694;
25;11.06.2016;17.06.2016;1916;67500;323600;;20;15;2;1;14;6;20;2.962962963;;1;;;;;2;0.061804697;139;4.295426452;82;709;
26;18.06.2016;24.06.2016;1916;67500;323600;;19;5;2;1;8;9;17;2.518518519;2;;;;;;0;0;140;4.326328801;72;695;
27;25.06.2016;01.07.2016;1916;67500;323600;;19;10;;;17;5;22;3.259259259;;;;;;;0;0;122;3.770086527;72;675;
28;02.07.2016;08.07.2016;1916;67500;323600;;16;7;1;3;10;5;15;2.222222222;;1;;;;;0;0;120;3.708281829;69;686;
29;09.07.2016;15.07.2016;1916;67500;323600;;19;11;;1;14;6;20;2.962962963;1;;;;;;0;0;115;3.553770087;58;670;
30;16.07.2016;22.07.2016;1916;67500;323600;;;;;;;;19;;;;;;;;0;;124;;;;
31;23.07.2016;29.07.2016;1916;67500;323600;;;;;;;;19;;;;;;;;0;;120;;;;
32;30.07.2016;05.08.2016;1916;67500;323600;;;;;;;;18;;;;;;;;0;;120;;;;
33;06.08.2016;12.08.2016;1916;67500;323600;;;;;;;;19;;;;;;;;0;;120;;;;
34;13.08.2016;19.08.2016;1916;67500;323600;;;;;;;;19;;;;;;;;0;;121;;;;
35;20.08.2016;26.08.2016;1916;67500;323600;;10;15;;;11;5;16;2.37037037;1;;;;;;0;0;101;3.121137206;64;650;
36;27.08.2016;02.09.2016;1916;67500;323600;;19;9;;;15;7;22;3.259259259;2;2;;;;;6;0.185414091;119;3.677379481;66;666;
37;03.09.2016;09.09.2016;1916;67500;323600;;4;13;;;11;7;18;2.666666667;1;1;;;;;1;0.030902349;122;3.770086527;74;670;
38;10.09.2016;16.09.2016;1916;67500;323600;;12;9;;;12;6;18;2.666666667;;2;;;;;0;0;108;3.337453646;64;685;
39;17.09.2016;23.09.2016;1916;67500;323600;;26;13;;;13;9;22;3.259259259;;3;;;;;1;0.030902349;120;3.708281829;76;684;
40;24.09.2016;30.09.2016;1916;67500;323600;;17;7;;;13;3;16;2.37037037;1;;;;;;1;0.030902349;105;3.244746601;59;675;
41;01.10.2016;07.10.2016;1916;67500;323600;;19;3;;1;13;5;18;2.666666667;2;;;;;;3;0.092707046;111;3.430160692;66;678;
42;08.10.2016;14.10.2016;1916;67500;323600;;18;6;1;3;13;8;21;3.111111111;;2;;;;;0;0;108;3.337453646;66;660;
43;15.10.2016;21.10.2016;1916;67500;323600;;12;6;;;15;6;21;3.111111111;;;;;;;1;0.030902349;95;2.935723115;52;684;
44;22.10.2016;28.10.2016;1916;67500;323600;;20;5;;;13;7;20;2.962962963;;;;;;;76;2.348578492;121;3.739184178;78;669;
45;29.10.2016;04.11.2016;1916;67500;323600;;14;10;;;18;6;24;3.555555556;;2;;;;;70;2.1631644;118;3.646477132;72;694;
46;05.11.2016;11.11.2016;1916;67500;323600;;13;9;;;8;10;18;2.666666667;;1;;;;;62;1.915945612;105;3.244746601;59;724;
47;12.11.2016;18.11.2016;1916;67500;323600;;18;9;;;9;5;14;2.074074074;1;;;;;;56;1.73053152;97;2.997527812;52;713;
48;19.11.2016;25.11.2016;1916;67500;323600;;16;6;;2;12;6;18;2.666666667;2;;;;;;71;2.194066749;119;3.677379481;61;746;
49;26.11.2016;02.12.2016;1916;67500;323600;;9;14;;;10;9;19;2.814814815;;3;;;;;64;1.977750309;115;3.553770087;74;723;
50;03.12.2016;09.12.2016;1916;67500;323600;;16;9;1;;12;9;21;3.111111111;1;1;;;;;67;2.070457355;127;3.924598269;78;756;
51;10.12.2016;16.12.2016;1916;67500;323600;;9;6;1;;22;10;32;4.740740741;3;1;;;;;66;2.039555006;114;3.522867738;67;766;
52;17.12.2016;23.12.2016;1916;67500;323600;;17;6;;;12;10;22;3.259259259;;1;;;;;64;1.977750309;107;3.306551298;62;774;
1;24.12.2016;30.12.2016;1916;67500;323600;;19;6;;;16;8;24;3.555555556;;2;;;;;0;0;85;2.626699629;41;747;
2;31.12.2016;06.01.2017;1916;67500;323600;;17;7;;;20;9;29;4.296296296;2;;;;;;0;0;79;2.441285538;46;741;
3;07.01.2017;13.01.2017;1917;67500;322600;;24;;1;;8;7;15;2.222222222;;;;;;;0;0;143;4.432734036;89;780;
4;14.01.2017;20.01.2017;1917;67500;322600;;13;9;1;;16;2;18;2.666666667;2;;;;;;0;0;131;4.060756355;61;829;
5;21.01.2017;27.01.2017;1917;67500;322600;;16;14;;1;28;4;32;4.740740741;2;;;;;;1;0.03099814;100;3.099814011;52;819;
6;28.01.2017;03.02.2017;1917;67500;322600;;11;9;2;;15;1;16;2.37037037;1;;;;;;1;0.03099814;100;3.099814011;53;797;
7;04.02.2017;10.02.2017;1917;67500;322600;;17;11;;;14;3;17;2.518518519;;;;;;;2;0.06199628;117;3.626782393;64;817;
8;11.02.2017;17.02.2017;1917;67500;322600;;15;10;;;18;6;24;3.555555556;1;;;;;;1;0.03099814;129;3.998760074;77;835;
9;18.02.2017;24.02.2017;1917;67500;322600;;19;14;1;1;21;8;29;4.296296296;;1;;;;;2;0.06199628;113;3.502789833;69;815;
10;25.02.2017;03.03.2017;1917;67500;322600;;15;11;;;9;3;12;1.777777778;;;;;;;0;0;137;4.246745195;89;824;
11;04.03.2017;10.03.2017;1917;67500;322600;;13;8;;1;18;7;25;3.703703704;;;;;;;3;0.09299442;109;3.378797272;63;829;
12;11.03.2017;17.03.2017;1917;67500;322600;;20;15;;1;19;5;24;3.555555556;1;1;;;;;0;0;121;3.750774954;67;820;
13;18.03.2017;24.03.2017;1917;67500;322600;;16;5;;;15;6;21;3.111111111;1;;;;;;1;0.03099814;124;3.843769374;67;811;
14;25.03.2017;31.03.2017;1917;67500;322600;;13;14;;;22;9;31;4.592592593;;;;;;;0;0;122;3.781773094;69;797;
15;01.04.2017;07.04.2017;1917;68600;322600;;15;6;;;19;8;27;3.935860058;1;1;;;;;0;0;119;3.688778673;74;767;
16;08.04.2017;14.04.2017;1917;68600;322600;;20;4;1;;19;8;27;3.935860058;3;;;;;;0;0;132;4.091754495;83;800;
17;15.04.2017;21.04.2017;1917;68600;322600;;13;1;;;13;7;20;2.915451895;2;;;;;;0;0;114;3.533787973;64;785;
18;22.04.2017;28.04.2017;1917;68600;322600;;13;11;;1;13;8;21;3.06122449;;;;;;;0;0;129;3.998760074;85;794;
19;29.04.2017;05.05.2017;1917;68600;322600;;17;7;;1;19;7;26;3.790087464;;1;;;;;0;0;134;4.153750775;87;787;
20;06.05.2017;12.05.2017;1917;68600;322600;;19;9;2;1;18;7;25;3.644314869;;1;;;;;0;0;161;4.990700558;100;821;
21;13.05.2017;19.05.2017;1917;68600;322600;;18;12;2;1;15;7;22;3.206997085;1;;;;;;0;0;136;4.215747055;78;816;
22;20.05.2017;26.05.2017;1917;68600;322600;;22;7;;;13;3;16;2.332361516;;;;;;;0;0;150;4.649721017;93;807;
23;27.05.2017;02.06.2017;1917;68600;322600;;15;12;1;1;11;7;18;2.623906706;1;;;;;;0;0;111;3.440793552;71;786;
24;03.06.2017;09.06.2017;1917;68600;322600;;16;8;1;2;7;5;12;1.749271137;;;;;;;0;0;147;4.556726596;94;806;
25;10.06.2017;16.06.2017;1917;68600;322600;;20;12;1;;25;7;32;4.664723032;2;;;;;;0;0;140;4.339739616;89;815;
26;17.06.2017;23.06.2017;1917;68600;322600;;27;11;;;10;6;16;2.332361516;1;;;;;;0;0;111;3.440793552;70;791;
27;24.06.2017;30.06.2017;1917;68600;322600;;18;11;;1;6;7;13;1.895043732;1;1;;;;;0;0;127;3.936763794;83;769;
28;01.07.2017;07.07.2017;1917;68600;322600;;19;11;1;;19;6;25;3.644314869;2;1;;;;;0;0;122;3.781773094;75;745;
29;08.07.2017;14.07.2017;1917;68600;322600;;10;9;;1;8;4;12;1.749271137;1;;;;;;0;0;117;3.626782393;63;710;
30;15.07.2017;21.07.2017;1917;68600;322600;;20;14;;;12;9;21;3.06122449;1;;;;;;0;0;138;4.277743335;85;732;
31;22.07.2017;28.07.2017;1917;68600;322600;;14;11;;;11;7;18;2.623906706;1;;;;;;3;0.09299442;126;3.905765654;84;732;
32;29.07.2017;04.08.2017;1917;68600;322600;;26;11;1;;12;3;15;2.186588921;;;;;;;1;0.03099814;119;3.688778673;76;726;
33;05.08.2017;11.08.2017;1917;68600;322600;;17;11;;;13;7;20;2.915451895;2;2;;;;;0;0;111;3.440793552;67;703;
34;12.08.2017;18.08.2017;1917;68600;322600;;15;12;;;11;8;19;2.7696793;1;;;;;;4;0.12399256;158;4.897706138;92;731;
35;19.08.2017;25.08.2017;1917;68600;322600;;21;9;;;13;6;19;2.7696793;;2;;;;;0;0;156;4.835709857;102;746;
36;26.08.2017;01.09.2017;1917;68600;322600;;14;8;2;;10;3;13;1.895043732;1;;;;;;1;0.03099814;127;3.936763794;73;739;
37;02.09.2017;08.09.2017;1917;68600;322600;;11;6;;;7;5;12;1.749271137;;1;;;;;0;0;137;4.246745195;81;745;
38;09.09.2017;15.09.2017;1917;68600;322600;;18;15;;;6;2;8;1.166180758;;;;;;;0;0;121;3.750774954;80;740;
39;16.09.2017;22.09.2017;1917;68600;322600;;8;9;;1;8;8;16;2.332361516;;;;;;;2;0.06199628;120;3.719776813;75;747;
40;23.09.2017;29.09.2017;1917;68600;322600;;22;21;;1;8;2;10;1.457725948;1;;;;;;2;0.06199628;115;3.564786113;80;727;
41;30.09.2017;06.10.2017;1917;68600;322600;;12;13;;;9;4;13;1.895043732;1;1;;;;;6;0.185988841;135;4.184748915;77;755;
42;07.10.2017;13.10.2017;1917;68600;322600;;12;12;3;1;15;7;22;3.206997085;1;2;;;;;0;0;133;4.122752635;71;757;
43;14.10.2017;20.10.2017;1917;68600;322600;;16;13;;;15;3;18;2.623906706;1;;;;;;0;0;104;3.223806572;69;726;
44;21.10.2017;27.10.2017;1917;68600;322600;;10;12;;1;13;7;20;2.915451895;1;1;;;;;0;0;113;3.502789833;75;700;
45;28.10.2017;03.11.2017;1917;68600;322600;;12;6;;2;13;5;18;2.623906706;;2;;;;;0;0;121;3.750774954;72;715;
46;04.11.2017;10.11.2017;1917;68600;322600;;22;6;;1;14;8;22;3.206997085;2;;;;;;0;0;107;3.316800992;53;715;
47;11.11.2017;17.11.2017;1917;68600;322600;;8;5;1;;12;5;17;2.478134111;;1;;;;;3;0.09299442;120;3.719776813;66;729;
48;18.11.2017;24.11.2017;1917;68600;322600;;10;20;1;;10;1;11;1.603498542;;;;;;;0;0;126;3.905765654;64;747;
49;25.11.2017;01.12.2017;1917;68600;322600;;11;7;;;15;13;28;4.081632653;;1;;;;;0;0;116;3.595784253;63;738;
50;02.12.2017;08.12.2017;1917;68600;322600;;9;11;1;;17;6;23;3.352769679;;1;;;;;0;0;143;4.432734036;82;771;
51;09.12.2017;15.12.2017;1917;68600;322600;;13;9;1;;12;3;15;2.186588921;2;;;;;;0;0;98;3.037817731;55;761;
52;16.12.2017;22.12.2017;1917;68600;322600;;17;9;1;;21;4;25;3.644314869;1;;;;;;2;0.06199628;116;3.595784253;53;780;
1;23.12.2017;29.12.2017;1917;68600;322600;;23;11;1;;19;6;25;3.644314869;2;;;;;;1;0.03099814;98;3.037817731;38;765;
2;30.12.2017;05.01.2018;1917;68600;322600;;9;8;;2;17;10;27;3.935860058;3;1;;;;;0;0;98;3.037817731;49;775;
3;06.01.2018;12.01.2018;1918;68600;320600;;17;8;;;22;6;28;4.081632653;;;;;;;0;0;138;4.304429195;59;892;
4;13.01.2018;19.01.2018;1918;68600;320600;;14;10;1;1;15;9;24;3.498542274;;;;;;;0;0;158;4.928259513;85;941;
5;20.01.2018;26.01.2018;1918;68600;320600;;12;2;;;11;5;16;2.332361516;2;;;;;;3;0.093574548;140;4.366812227;61;985;
6;27.01.2018;02.02.2018;1918;68600;320600;;9;6;;1;17;1;18;2.623906706;1;;;;;;1;0.031191516;146;4.553961323;69;946;
7;03.02.2018;09.02.2018;1918;68600;320600;;13;8;2;1;20;5;25;3.644314869;;;;;;;1;0.031191516;145;4.522769807;67;927;
8;10.02.2018;16.02.2018;1918;68600;320600;;12;10;;;23;7;30;4.373177843;5;1;;;;;1;0.031191516;128;3.992514036;65;926;
9;17.02.2018;23.02.2018;1918;68600;320600;;13;7;;1;16;2;18;2.623906706;2;;;;;;3;0.093574548;149;4.64753587;72;983;
10;24.02.2018;02.03.2018;1918;68600;320600;;16;6;1;;14;10;24;3.498542274;1;1;;;;;2;0.062383032;133;4.148471616;64;938;
11;03.03.2018;09.03.2018;1918;68600;320600;;13;9;;;21;3;24;3.498542274;1;;;;;;1;0.031191516;166;5.177791641;92;969;
12;10.03.2018;16.03.2018;1918;68600;320600;;17;14;1;;19;5;24;3.498542274;1;;;;;;2;0.062383032;179;5.583281347;82;995;
13;17.03.2018;23.03.2018;1918;68600;320600;;12;11;;2;19;10;29;4.227405248;1;1;;;;;4;0.124766064;172;5.364940736;82;966;
14;24.03.2018;30.03.2018;1918;68600;320600;;12;8;;1;20;8;28;4.081632653;1;1;;;;;0;0;120;3.742981909;57;911;
15;31.03.2018;06.04.2018;1918;71400;320600;;20;13;1;;22;5;27;3.781512605;2;1;;;;;4;0.124766064;185;5.770430443;91;909;
16;07.04.2018;13.04.2018;1918;71400;320600;;19;6;2;;21;5;26;3.641456583;1;2;;;;;2;0.062383032;159;4.959451029;90;955;
17;14.04.2018;20.04.2018;1918;71400;320600;;8;12;1;;13;7;20;2.801120448;;;;;;;8;0.249532127;155;4.834684966;74;937;
18;21.04.2018;27.04.2018;1918;71400;320600;;14;6;;;16;7;23;3.221288515;1;1;;;;;7;0.218340611;167;5.208983157;81;945;
19;28.04.2018;04.05.2018;1918;71400;320600;;10;4;;;20;6;26;3.641456583;1;;;;;;0;0;181;5.645664379;82;947;
20;05.05.2018;11.05.2018;1918;71400;320600;;15;20;;1;13;3;16;2.240896359;;;;;;;3;0.093574548;149;4.64753587;92;940;
21;12.05.2018;18.05.2018;1918;71400;320600;;23;15;;1;19;14;33;4.621848739;2;2;;;;;6;0.187149095;160;4.990642545;91;902;
22;19.05.2018;25.05.2018;1918;71400;320600;;29;15;;1;12;6;18;2.521008403;3;2;;;;;1;0.031191516;182;5.676855895;97;984;
23;26.05.2018;01.06.2018;1918;71400;320600;;11;10;;;11;5;16;2.240896359;2;2;;;;;1;0.031191516;180;5.614472863;94;964;
24;02.06.2018;08.06.2018;1918;71400;320600;;13;14;;;20;6;26;3.641456583;1;;;;;;4;0.124766064;194;6.051154086;94;984;
25;09.06.2018;15.06.2018;1918;71400;320600;;13;13;;1;14;9;23;3.221288515;;;;;;;0;0;185;5.770430443;113;981;
26;16.06.2018;22.06.2018;1918;71400;320600;;14;9;;;13;9;22;3.081232493;1;;;;;;2;0.062383032;147;4.585152838;78;968;
27;23.06.2018;29.06.2018;1918;71400;320600;;7;9;;;13;9;22;3.081232493;1;2;;;;;2;0.062383032;180;5.614472863;90;978;2
28;30.06.2018;06.07.2018;1918;71400;320600;;18;10;1;;9;5;14;1.960784314;;2;;;;;10;0.311915159;188;5.864004991;89;969;8
29;07.07.2018;13.07.2018;1918;71400;320600;;12;7;1;;12;7;19;2.661064426;;2;;;;;96;2.994385527;252;7.860262009;78;952;96
30;14.07.2018;20.07.2018;1918;71400;320600;;14;7;1;2;17;16;33;4.621848739;1;2;;;;;67;2.089831566;191;2.932002495;;278;60
31;21.07.2018;27.07.2018;1918;71400;320600;;22;1;6;;41;10;51;7.142857143;2;;;;;;63;1.965065502;202;2.838427948;6;303;63
32;28.07.2018;03.08.2018;1918;71400;320600;;13;13;1;;55;13;68;9.523809524;3;1;;;;;157;4.897067998;239;7.454772302;48;887;157
33;04.08.2018;10.08.2018;1918;71400;320600;;11;10;1;;28;14;42;5.882352941;;1;;;;;152;4.741110418;219;6.830941984;42;854;150
34;11.08.2018;17.08.2018;1918;71400;320600;;15;6;1;1;27;6;33;4.621848739;;1;;;;;135;4.210854648;224;6.986899563;63;910;133
35;18.08.2018;24.08.2018;1918;71400;320600;;19;9;;;14;10;24;3.361344538;2;;;;;;115;3.587024329;219;6.830941984;71;917;111
36;25.08.2018;31.08.2018;1918;71400;320600;;14;11;1;1;21;5;26;3.641456583;1;1;;;;;98;3.056768559;210;6.550218341;91;891;98
37;01.09.2018;07.09.2018;1918;71400;320600;;12;11;1;1;11;6;17;2.380952381;;1;;;161;5.021834061;121;3.774173425;217;6.768558952;50;870;117
38;08.09.2018;14.09.2018;1918;71400;320600;;21;10;;2;19;9;28;3.921568627;2;1;225;31.51260504;1758;54.83468497;87;2.713661884;191;5.957579538;89;761;84
39;15.09.2018;21.09.2018;1918;71400;320600;0;13;12;;;19;8;27;3.781512605;2;3;1073;150.280112;3320;103.5558328;73;2.276980661;168;5.240174672;64;750;72
40;22.09.2018;28.09.2018;1918;71400;320600;11.févr;11;6;;;15;6;21;2.941176471;2;1;1766;247.3389356;3861;120.4304429;129;4.023705552;246;7.673112913;90;888;127
41;29.09.2018;05.10.2018;1918;71400;320600;08.août;17;8;;;23;5;28;3.921568627;;2;1991;278.8515406;4225;131.7841547;161;5.021834061;273;8.515283843;104;947;157
42;06.10.2018;12.10.2018;1918;71400;320600;10.mars;12;10;1;;42;18;60;8.403361345;2;2;1843;258.1232493;6215;193.8552714;146;4.553961323;228;7.111665627;94;947;146
43;13.10.2018;19.10.2018;1918;71400;320600;20;11;11;;;49;12;61;8.543417367;1;1;1296;181.512605;6293;196.2882096;142;4.429195259;212;6.612601372;80;895;142
44;20.10.2018;26.10.2018;1918;71400;320600;17.avr;18;10;;1;30;13;43;6.022408964;;1;996;139.4957983;4725;147.3799127;170;5.302557704;263;8.203368684;105;964;170
45;27.10.2018;02.11.2018;1918;71400;320600;13.févr;15;12;5;3;57;19;76;10.6442577;3;3;1007;141.0364146;5173;161.3537118;167;5.208983157;343;10.69868996;149;901;157
;03.11.2018;09.11.2018;1918;71400;320600;16.avr;10;9;5;3;38;15;53;7;2;4;823;115;4199;131;152;5;299;9;137;950;147
46;10.11.2018;16.11.2018;1918;71400;320600;08.juin;5;6;;;18;11;29;4.06162465;1;4;639;89.49579832;3224;100.5614473;136;4.242046163;255;7.953836556;124;998;136
47;17.11.2018;23.11.2018;1918;71400;320600;15.avr;16;10;2;;13;3;16;2.240896359;;;1452;203.3613445;5144;160.4491578;126;3.930131004;232;7.236431691;76;976;125
48;24.11.2018;30.11.2018;1918;71400;320600;24.mars;12;14;1;;28;13;41;5.742296919;1;1;1349;188.9355742;4108;128.1347473;122;3.805364941;224;6.986899563;87;975;121
49;01.12.2018;07.12.2018;1918;71400;320600;23.sept;19;9;;1;36;11;47;6.582633053;1;1;1126;157.7030812;3198;99.75046787;169;5.271366188;271;8.452900811;135;960;168
50;08.12.2018;14.12.2018;1918;71400;320600;07.août;14;8;;;38;8;46;6.442577031;3;2;763;106.8627451;1879;58.60885839;149;4.64753587;242;7.54834685;65;1005;144
51;15.12.2018;21.12.2018;1918;71400;320600;05.janv;15;9;2;;29;2;31;4.341736695;2;2;301;42.15686275;870;27.13661884;52;1.621958827;134;4.179663132;63;781;52
1;22.12.2018;28.12.2018;1918;71400;320600;06.janv;13;7;;1;23;3;26;3.641456583;3;1;145;20.30812325;454;14.16094822;33;1.029320025;116;3.618215845;48;890;30
2;29.12.2018;04.01.2019;1918;71400;320600;03.mai;15;7;1;;20;4;24;3.361344538;;;95;13.30532213;462;14.41048035;49;1.528384279;142;4.429195259;72;859;49
3;05.01.2019;11.01.2019;1919;71400;318600;08.févr;22;11;;;20;8;28;3.921568627;3;;89;12.46498599;315;9.88700565;43;1.349654739;180;5.649717514;85;925;13
4;12.01.2019;18.01.2019;1919;71400;318600;05.mai;13;6;;;11;3;14;1.960784314;1;1;21;2.941176471;179;5.618330195;20;0.62774639;199;6.246076585;98;945;16
5;19.01.2019;25.01.2019;1919;71400;318600;02.juil;13;2;;;20;11;31;4.341736695;;1;13;1.820728291;219;6.873822976;5;0.156936598;161;5.053358443;91;907;4
6;26.01.2019;01.02.2019;1919;71400;318600;01.mars;20;8;;;14;3;17;2.380952381;1;;9;1.260504202;390;12.24105461;13;0.408035154;177;5.555555556;90;944;12
7;02.02.2019;08.02.2019;1919;71400;318600;01.avr;9;10;1;;26;3;29;4.06162465;3;;31;4.341736695;282;8.851224105;5;0.156936598;121;3.797865662;70;847;5
8;09.02.2019;15.02.2019;1919;71400;318600;0.7;11;7;1;;22;5;27;3.781512605;1;2;86;12.04481793;565;17.73383553;19;0.596359071;173;5.430006277;71;940;19
9;16.02.2019;22.02.2019;1919;71400;318600;0;18;7;2;1;19;;19;2.661064426;2;;48;6.722689076;264;8.286252354;18;0.564971751;166;1.600753296;6;257;17
10;23.02.2019;01.03.2019;1919;71400;318600;02.juil;16;10;;;20;7;27;3.781512605;1;2;28;3.921568627;252;7.90960452;28;0.878844947;159;4.990583804;76;946;25
11;02.03.2019;08.03.2019;1919;71400;318600;04.juin;20;10;;1;16;7;23;3.221288515;2;1;45;6.302521008;217;6.811048336;15;0.470809793;160;5.021971124;94;999;15
12;09.03.2019;15.03.2019;1919;71400;318600;0.6;9;8;;;16;7;23;3.221288515;1;2;17;2.380952381;110;3.452605148;16;0.502197112;166;5.210295041;82;941;13
13;16.03.2019;22.03.2019;1919;71400;318600;01.janv;21;12;1;;21;8;29;4.06162465;3;2;3;0.420168067;101;3.170119272;6;0.188323917;143;4.488386692;69;945;6
14;23.03.2019;29.03.2019;1919;71400;318600;0.2;13;8;;1;14;5;19;2.661064426;2;1;5;0.700280112;50;1.569365976;8;0.251098556;161;5.053358443;80;928;4
15;30.03.2019;05.04.2019;1919;71400;318600;0.2;10;6;;;20;7;27;3.781512605;1;2;5;0.700280112;14;0.439422473;3;0.094161959;131;4.111738858;75;936;1
16;06.04.2019;12.04.2019;1919;71400;318600;0;10;13;1;;17;3;20;2.801120448;;;2;0.280112045;21;0.65913371;4;0.125549278;143;4.488386692;60;924;1
17;13.04.2019;19.04.2019;1919;69800;318600;0;14;9;1;;18;10;28;4.011461318;;;0;0;33;1.035781544;0;0;23;0.721908349;7;120;
18;20.04.2019;26.04.2019;1919;69800;318600;0;11;7;;;17;7;24;3.438395415;;2;0;0;0;0;6;0.188323917;130;4.080351538;59;815;1
19;27.04.2019;03.05.2019;1919;69800;318600;0;16;9;;;17;1;18;2.578796562;1;;1;0.143266476;0;0;9;0.282485876;148;4.645323289;71;945;2
20;04.05.2019;10.05.2019;1919;69800;318600;0;13;12;;;14;8;22;3.151862464;2;2;1;0.143266476;12;0.376647834;3;0.094161959;152;4.770872567;77;925;1
21;11.05.2019;17.05.2019;1919;69800;318600;0;12;10;;1;14;6;20;2.865329513;;;38;5.444126074;38;1.192718142;3;0.094161959;139;4.362837414;58;925;
22;18.05.2019;24.05.2019;1919;69800;318600;0;12;14;1;;11;8;19;2.722063037;1;2;8;1.146131805;9;0.282485876;8;0.251098556;160;5.021971124;95;960;1
23;25.05.2019;31.05.2019;1919;69800;318600;0;18;6;1;;20;2;22;3.151862464;1;;3;0.429799427;3;0.094161959;9;0.282485876;164;5.147520402;87;976;3
24;01.06.2019;07.06.2019;1919;69800;318600;0;24;17;1;;12;5;17;2.435530086;;;0;0;40;1.255492781;2;0.062774639;148;4.645323289;76;969;
25;08.06.2019;14.06.2019;1919;69800;318600;0;7;15;1;;11;9;20;2.865329513;2;1;0;0;0;0;0;0;56;1.757689893;2;346;
26;15.06.2019;21.06.2019;1919;69800;318600;0;18;9;;;16;15;31;4.441260745;2;;0;0;0;0;3;0.094161959;171;5.367231638;89;982;1
27;22.06.2019;28.06.2019;1919;69800;318600;0;14;7;1;;17;8;25;3.581661891;1;1;0;0;0;0;1;0.03138732;120;3.766478343;60;890;
28;29.06.2019;05.07.2019;1919;69800;318600;0;13;15;2;;8;5;13;1.862464183;;2;0;0;0;0;2;0.062774639;133;4.174513497;72;894;1
29;06.07.2019;12.07.2019;1919;69800;318600;0;13;7;;;18;7;25;3.581661891;1;1;0;0;0;0;4;0.125549278;152;4.770872567;86;923;
30;13.07.2019;19.07.2019;1919;69800;318600;0;13;10;;;12;4;16;2.29226361;1;1;0;0;0;0;3;0.094161959;152;4.770872567;91;960;
31;20.07.2019;26.07.2019;1919;69800;318600;0;13;11;;2;10;6;16;2.29226361;;1;0;0;0;0;4;0.125549278;138;4.331450094;71;930;2
32;27.07.2019;02.08.2019;1919;69800;318600;0;14;6;;;9;8;17;2.435530086;;;0;0;0;0;3;0.094161959;130;4.080351538;64;844;
33;03.08.2019;09.08.2019;1919;69800;318600;0;12;6;2;;10;8;18;2.578796562;1;;0;0;1;0.03138732;2;0.062774639;202;6.340238544;132;897;
34;10.08.2019;16.08.2019;1919;69800;318600;0;11;6;;;11;4;15;2.148997135;2;;0;0;0;0;5;0.156936598;158;4.959196485;62;885;
35;17.08.2019;23.08.2019;1919;69800;318600;0;12;4;;1;12;7;19;2.722063037;;;0;0;0;0;5;0.156936598;180;5.649717514;11;883;
36;24.08.2019;30.08.2019;1919;69800;318600;0;13;4;;;6;4;10;1.432664756;1;1;0;0;0;0;3;0.094161959;166;5.210295041;89;920;
37;31.08.2019;06.09.2019;1919;69800;318600;0;13;11;;;13;4;17;2.435530086;;1;0;0;0;0;0;0;169;5.304456999;90;929;
38;07.09.2019;13.09.2019;1919;69800;318600;0;17;18;1;;9;5;14;2.005730659;1;;0;0;0;0;5;0.156936598;182;5.712492153;90;1008;
39;14.09.2019;20.09.2019;1919;69800;318600;0;15;3;;1;10;5;15;2.148997135;1;1;0;0;0;0;1;0.03138732;188;5.90081607;101;975;
40;21.09.2019;27.09.2019;1919;69800;318600;0;19;16;;1;11;4;15;2.148997135;;;0;0;0;0;1;0.03138732;144;4.519774011;82;965;
41;28.09.2019;04.10.2019;1919;69800;318600;0;17;14;1;1;12;6;18;2.578796562;;1;0;0;0;0;1;0.03138732;159;4.990583804;79;962;
42;05.10.2019;11.10.2019;1919;69800;318600;0;16;12;;;10;12;22;3.151862464;3;6;0;0;0;0;2;0.062774639;170;5.335844319;84;995;
43;12.10.2019;18.10.2019;1919;69800;318600;0;20;14;2;1;10;2;12;1.719197708;;;0;0;2;0.062774639;1;0.03138732;146;4.58254865;81;978;
44;19.10.2019;25.10.2019;1919;69800;318600;0;10;10;;;11;3;14;2.005730659;;1;0;0;0;0;3;0.094161959;163;5.116133082;85;1002;
45;26.10.2019;01.11.2019;1919;69800;318600;0;22;17;;1;22;5;27;3.868194842;4;;0;0;0;0;4;0.125549278;153;4.802259887;79;989;
46;02.11.2019;08.11.2019;1919;69800;318600;0;20;11;;;16;8;24;3.438395415;2;1;0;0;3;0.094161959;4;0.125549278;130;4.080351538;66;978;
47;09.11.2019;15.11.2019;1919;69800;318600;0;25;10;;;23;9;32;4.584527221;1;2;0;0;0;0;4;0.125549278;175;5.492780917;83;1010;
48;16.11.2019;22.11.2019;1919;69800;318600;0;12;9;2;;21;4;25;3.581661891;3;;0;0;0;0;2;0.062774639;125;3.92341494;66;963;
49;23.11.2019;29.11.2019;1919;69800;318600;0;17;11;;;18;8;26;3.724928367;;4;0;0;0;0;4;0.125549278;147;4.61393597;77;948;
50;30.11.2019;06.12.2019;1919;69800;318600;0;13;14;;2;6;6;12;1.719197708;1;1;2;0.286532951;4;0.125549278;5;0.156936598;169;5.304456999;82;1019;
51;07.12.2019;13.12.2019;1919;69800;318600;0;18;10;1;1;25;2;27;3.868194842;;2;0;0;6;0.188323917;2;0.062774639;130;4.080351538;50;994;
52;14.12.2019;20.12.2019;1919;69800;318600;0;18;13;;;18;5;23;3.29512894;1;;0;0;0;0;5;0.156936598;156;4.896421846;66;1054;
1;21.12.2019;27.12.2019;1919;69800;318600;0;18;10;;;21;7;28;4.011461318;;;1;0.143266476;1;0.03138732;2;0.062774639;98;3.075957313;37;977;
2;28.12.2019;03.01.2020;1919;69800;318600;0;12;13;;;16;2;18;2.578796562;;;0;0;1;0.03138732;0;0;32;1.004394225;2;294;
3;04.01.2020;10.01.2020;1920;69800;317800;04.févr;17;16;1;2;20;6;26;3.724928367;;1;74;10.6017192;157;4.940213971;26;0.818124607;214;6.73379484;97;1039;
4;11.01.2020;17.01.2020;1920;69800;317800;0.2;14;12;2;1;23;13;36;5.157593123;;1;159;22.77936963;573;18.03020768;34;1.069855255;199;6.261799874;77;1061;
5;18.01.2020;24.01.2020;1920;69800;317800;0.2;17;11;;3;27;7;34;4.871060172;1;1;217;31.08882521;538;16.92888609;42;1.321585903;170;5.349276274;69;1007;38
6;25.01.2020;31.01.2020;1920;69800;317800;0;16;13;;1;17;5;22;3.151862464;1;;130;18.62464183;285;8.967904342;19;0.597860289;177;5.569540592;76;1026;17
7;01.02.2020;07.02.2020;1920;69800;317800;0;19;9;1;;18;12;30;4.297994269;1;2;27;3.868194842;157;4.940213971;25;0.786658276;167;5.254877281;61;1050;19
8;08.02.2020;14.02.2020;1920;69800;317800;0;19;15;;;25;5;30;4.297994269;;;0;0;0;0;103;3.241032096;175;5.50660793;62;1041;
9;15.02.2020;21.02.2020;1920;69800;317800;0;18;20;;2;27;13;40;5.730659026;3;2;48;6.876790831;86;2.706104468;35;1.101321586;171;5.380742605;72;1053;
10;22.02.2020;28.02.2020;1920;69800;317800;01.févr;16;10;1;;30;11;41;5.873925501;2;2;18;2.578796562;19;0.597860289;20;0.629326621;175;5.50660793;81;1025;
11;29.02.2020;06.03.2020;1920;69800;317800;0;21;13;1;;15;9;24;3.438395415;3;3;0;0;0;0;13;0.409062303;183;5.758338578;83;1039;
12;07.03.2020;13.03.2020;1920;69800;317800;0;19;10;;;23;9;32;4.584527221;3;2;0;0;117;3.68156073;15;0.471994965;154;4.845814978;61;1036;
13;14.03.2020;20.03.2020;1920;69800;317800;0;18;17;;1;23;10;33;4.727793696;;1;6;0.859598854;16;0.503461296;15;0.471994965;147;4.625550661;68;998;
14;21.03.2020;27.03.2020;1920;69800;317800;0;14;17;;;18;11;29;4.154727794;2;4;0;0;0;0;10;0.31466331;162;5.097545626;81;968;
15;28.03.2020;03.04.2020;1920;69800;317800;0;19;11;;1;20;5;25;3.581661891;1;1;0;0;11;0.346129641;1;0.031466331;133;4.185022026;58;852;
16;04.04.2020;10.04.2020;1920;69800;317800;0;28;19;1;;22;12;34;4.871060172;;2;0;0;0;0;3;0.094398993;170;5.349276274;85;935;
17;11.04.2020;17.04.2020;1920;69900;317800;0;21;19;;;18;10;28;4.005722461;1;1;0;0;256;8.055380743;5;0.157331655;146;4.59408433;86;893;
18;18.04.2020;24.04.2020;1920;69900;317800;0;19;14;;1;15;14;29;4.148783977;3;;0;0;0;0;1;0.031466331;141;4.436752675;86;953;
19;25.04.2020;01.05.2020;1920;69900;317800;0;18;15;;1;11;8;19;2.718168813;;1;0;0;0;0;2;0.062932662;130;4.090623033;71;930;
20;02.05.2020;08.05.2020;1920;69900;317800;0;21;10;1;1;24;9;33;4.721030043;2;2;0;0;0;0;1;0.031466331;169;5.317809943;100;976;
21;09.05.2020;15.05.2020;1920;69900;317800;0;17;7;;1;20;6;26;3.719599428;2;;0;0;11;0.346129641;5;0.157331655;131;4.122089364;66;969;
22;16.05.2020;22.05.2020;1920;69900;317800;0;26;16;;;21;2;23;3.290414878;2;;0;0;0;0;4;0.125865324;167;5.254877281;81;975;
23;23.05.2020;29.05.2020;1920;69900;317800;0;23;8;;1;10;7;17;2.43204578;1;;0;0;0;0;2;0.062932662;169;5.317809943;97;937;
24;30.05.2020;05.06.2020;1920;69900;317800;0;20;14;;1;9;2;11;1.573676681;;;0;0;0;0;5;0.157331655;139;4.373820013;68;936;
25;06.06.2020;12.06.2020;1920;69900;317800;0;17;20;;;17;7;24;3.433476395;1;1;0;0;0;0;2;0.062932662;153;4.814348647;89;988;
26;13.06.2020;19.06.2020;1920;69900;317800;0;12;13;1;;7;6;13;1.859799714;;1;0;0;0;0;3;0.094398993;140;4.405286344;79;959;
27;20.06.2020;26.06.2020;1920;69900;317800;0;16;9;;;12;8;20;2.861230329;;;0;0;0;0;3;0.094398993;148;4.657016992;84;935;
28;27.06.2020;03.07.2020;1920;69900;317800;0;18;14;;;18;8;26;3.719599428;1;1;0;0;0;0;3;0.094398993;154;4.845814978;85;949;
29;04.07.2020;10.07.2020;1920;69900;317800;0;19;15;;1;15;6;21;3.004291845;1;;0;0;0;0;1;0.031466331;142;4.468219006;80;928;
30;11.07.2020;17.07.2020;1920;69900;317800;0;22;15;;;16;8;24;3.433476395;2;2;0;0;0;0;7;0.220264317;174;5.475141598;103;924;
31;18.07.2020;24.07.2020;1920;69900;317800;0;18;9;1;1;15;9;24;3.433476395;1;2;0;0;0;0;2;0.062932662;135;4.247954688;74;908;
32;25.07.2020;31.07.2020;1920;69900;317800;0;22;12;;;7;5;12;1.716738197;;2;0;0;0;0;5;0.157331655;149;4.688483323;71;900;
33;01.08.2020;07.08.2020;1920;69900;317800;0;18;21;2;;12;4;16;2.288984263;3;1;0;0;0;0;5;0.157331655;168;5.286343612;104;313;
34;08.08.2020;14.08.2020;1920;69900;317800;0;20;12;;;11;8;19;2.718168813;;2;0;0;0;0;4;0.125865324;162;5.097545626;87;940;
35;15.08.2020;21.08.2020;1920;69900;317800;0;15;8;;1;9;6;15;2.145922747;;1;0;0;0;0;1;0.031466331;160;5.034612964;76;951;
36;22.08.2020;28.08.2020;1920;69900;317800;0;14;19;;1;12;7;19;2.718168813;2;1;0;0;0;0;4;0.125865324;143;4.499685337;73;905;
37;29.08.2020;04.09.2020;1920;69900;317800;0;16;10;;1;10;4;14;2.00286123;2;;0;0;0;0;3;0.094398993;160;5.034612964;77;903;
38;05.09.2020;11.09.2020;1920;69900;317800;0;17;13;1;;13;5;18;2.575107296;4;;0;0;0;0;7;0.220264317;182;5.726872247;109;913;
39;12.09.2020;18.09.2020;1920;69900;317800;0;16;16;;2;16;10;26;3.719599428;2;2;0;0;1;0.031466331;4;0.125865324;139;4.373820013;82;900;
40;19.09.2020;25.09.2020;1920;69900;317800;0;14;17;;;22;7;29;4.148783977;;1;0;0;0;0;3;0.094398993;137;4.310887351;55;904;
41;26.09.2020;02.10.2020;1920;69900;317800;0;22;16;2;1;13;6;19;2.718168813;;2;0;0;0;0;5;0.157331655;153;4.814348647;96;894;
42;03.10.2020;09.10.2020;1920;69900;317800;0;9;10;;2;10;11;21;3.004291845;1;1;0;0;0;0;5;0.157331655;119;3.744493392;69;883;
43;10.10.2020;16.10.2020;1920;69900;317800;0;10;17;;;10;10;20;2.861230329;1;;0;0;0;0;0;0;143;4.499685337;81;887;
44;17.10.2020;23.10.2020;1920;69900;317800;0;10;15;1;;9;4;13;1.859799714;;2;0;0;1;0.031466331;1;0.031466331;145;4.562617999;76;916;
45;24.10.2020;30.10.2020;1920;69900;317800;0;17;6;1;;11;3;14;2.00286123;2;1;0;0;0;0;2;0.062932662;154;4.845814978;79;949;
46;31.10.2020;06.11.2020;1920;69900;317800;0;15;12;1;2;11;6;17;2.43204578;;1;0;0;1;0.031466331;1;0.031466331;153;4.814348647;84;978;
47;07.11.2020;13.11.2020;1920;69900;317800;0;13;11;;2;16;7;23;3.290414878;;;12;1.716738197;12;0.377595972;3;0.094398993;127;3.99622404;74;979;
48;14.11.2020;20.11.2020;1920;69900;317800;0;11;24;2;1;17;9;26;3.719599428;2;4;2;0.286123033;2;0.062932662;1;0.031466331;145;4.562617999;79;926;
49;21.11.2020;27.11.2020;1920;69900;317800;0;11;6;1;;15;7;22;3.147353362;3;2;0;0;0;0;6;0.188797986;134;4.216488357;70;945;
50;28.11.2020;04.12.2020;1920;69900;317800;0;12;15;;1;16;9;25;3.576537911;1;1;0;0;2;0.062932662;4;0.125865324;152;4.782882316;84;949;
51;05.12.2020;11.12.2020;1920;69900;317800;0;12;14;;;8;10;18;2.575107296;;2;0;0;0;0;1;0.031466331;156;4.90874764;75;960;
52;12.12.2020;18.12.2020;1920;69900;317800;0;11;10;;1;12;6;18;2.575107296;2;;1;0.143061516;1;0.031466331;2;0.062932662;126;3.964757709;49;966;
